gene_id,baseMean,log2FoldChange,lfcSE,pvalue,padj
YAL003W,339.878,1.053832,0.33287365,7.914602e-4,0.002403175
YAL005C,3393.312,1.017553,0.38326428,0.004125475,0.01027738
YAL007C,89.64924,1.599887,0.27227475,9.650321e-10,9.841155e-9
YAL011W,282.2382,1.181984,0.20701416,5.201861e-9,4.660368e-8
YAL012W,169.7128,1.231218,0.47563061,0.003504599,0.00891326
YAL019W,325.8194,1.657464,0.21442219,2.290269e-15,7.191671e-14
YAL023C,84.96818,1.241828,0.31863831,3.907082e-5,1.616609e-4
YAL024C,153.5868,1.403481,0.23920761,1.450578e-9,1.426514e-8
YAL025C,154.6554,2.029255,0.36484457,2.346456e-9,2.214817e-8
YAL030W,47.07856,1.043312,0.2873064,1.494164e-4,5.363601e-4
YAL035W,3709.441,1.449369,0.22757457,5.818439e-11,7.67284e-10
YAL036C,95.42041,2.221963,0.37138138,1.194518e-10,1.440461e-9
YAL043C,136.438,1.059533,0.26576687,3.515116e-5,1.479521e-4
YAL046C,8.80192,1.535949,0.70197466,0.004422643,0.01091125
YAL053W,167.6226,1.777897,0.21043518,4.980682e-18,2.898391e-16
YAL059W,48.00991,1.289699,0.32094179,2.19002e-5,9.633355e-5
YAR002C-A,73.73389,1.34521,0.28220979,6.576272e-7,3.887539e-6
YAR008W,24.20052,1.282242,0.38004664,2.696038e-4,9.120518e-4
YAR014C,148.9108,1.142757,0.18866373,6.74712e-10,7.109134e-9
YAR042W,604.0617,1.513672,0.15932231,5.866222e-22,7.29597e-20
YBL004W,458.4792,1.693419,0.23155823,5.145298e-14,1.295104e-12
YBL010C,48.9875,1.357767,0.34198787,2.385706e-5,1.038609e-4
YBL023C,141.2786,1.878433,0.27059724,5.147539e-13,1.01716e-11
YBL024W,389.0724,1.708702,0.26239739,1.39692e-11,2.124859e-10
YBL031W,12.03667,1.133644,0.45929273,0.005766891,0.01379834
YBL034C,209.2005,1.253236,0.25475636,3.545744e-7,2.226798e-6
YBL035C,73.35337,1.035473,0.27879187,1.094724e-4,4.077413e-4
YBL039C,228.556,2.446609,0.3806415,3.741127e-12,6.344911e-11
YBL052C,383.9495,1.461097,0.22134017,1.225223e-11,1.877195e-10
YBL054W,43.03708,1.185884,0.41751459,0.001837316,0.005091348
YBL061C,377.2897,1.084745,0.20877051,1.059664e-7,7.378098e-7
YBL072C,410.1082,1.148725,0.45601419,0.004906761,0.01193847
YBL075C,344.9761,1.234336,0.51288793,0.005622702,0.01348386
YBL087C,126.3357,1.40271,0.56987598,0.003422401,0.008714688
YBL092W,690.3767,1.463441,0.51785767,0.001117201,0.003249154
YBL097W,256.5823,1.21652,0.24604377,3.298852e-7,2.086203e-6
YBR011C,135.809,1.312041,0.47152619,0.001736697,0.004833643
YBR014C,31.62288,1.086733,0.33060085,4.979243e-4,0.001592705
YBR017C,253.8332,1.050186,0.17492002,1.055585e-9,1.069581e-8
YBR025C,780.2726,1.05591,0.1940574,2.862322e-8,2.238682e-7
YBR030W,83.07708,2.15572,0.31275918,3.760582e-13,7.620885e-12
YBR031W,292.1394,1.04942,0.52403185,0.02038625,0.041686
YBR038W,337.5351,1.220112,0.22494543,2.525192e-8,2.002162e-7
YBR048W,242.7114,2.127931,0.30001835,9.772903e-14,2.305795e-12
YBR065C,99.25661,1.123367,0.29774604,7.704842e-5,2.963724e-4
YBR070C,57.17837,1.067361,0.32804499,5.74902e-4,0.001810266
YBR072W,2111.268,1.183996,0.54916329,0.01128522,0.02490681
YBR079C,486.9209,1.617945,0.22022826,4.639607e-14,1.177161e-12
YBR084W,123.3145,1.236917,0.27500794,2.843011e-6,1.512854e-5
YBR088C,30.617,1.078632,0.56916849,0.02407846,0.04848047
YBR108W,92.15899,1.189644,0.24878895,7.775548e-7,4.558254e-6
YBR118W,706.2313,1.680467,0.87382215,0.004042946,0.01010418
YBR121C,990.2611,2.009337,0.2875272,2.749076e-13,5.754913e-12
YBR142W,526.5618,2.206537,0.27832148,1.392801e-16,5.969281e-15
YBR143C,147.4391,1.520227,0.26305464,1.997556e-9,1.902477e-8
YBR152W,105.8654,1.108526,0.26257417,1.198868e-5,5.591487e-5
YBR154C,42.43467,1.538475,0.38795722,1.7301e-5,7.766472e-5
YBR155W,277.9585,2.00111,0.31314099,1.630268e-11,2.438866e-10
YBR156C,63.62428,1.48401,0.37604135,2.084785e-5,9.215187e-5
YBR160W,32.0109,1.733412,0.38674397,1.205825e-6,6.816886e-6
YBR169C,1332.228,1.54158,0.28795125,2.177953e-8,1.75092e-7
YBR172C,898.9316,1.981514,0.25475559,7.928727e-16,2.825389e-14
YBR177C,279.3401,1.541282,0.31410021,2.2993e-7,1.506659e-6
YBR181C,321.2528,1.046628,0.37321097,0.002545842,0.00674813
YBR184W,27.08348,1.615958,0.36225268,1.708905e-6,9.450381e-6
YBR188C,64.61056,1.795916,0.30090799,3.700845e-10,4.103926e-9
YBR189W,659.2535,1.235977,0.4586193,0.002580345,0.006825325
YBR193C,88.10897,1.231155,0.29884563,1.564218e-5,7.092088e-5
YBR197C,13.18059,1.40911,0.45750947,5.758166e-4,0.00181081
YBR245C,572.1035,1.300965,0.20093458,3.703805e-11,5.118351e-10
YBR247C,192.1827,1.016608,0.27788492,1.393646e-4,5.054259e-4
YBR257W,138.3471,1.00347,0.22261109,3.729973e-6,1.926647e-5
YBR261C,12.88323,1.049979,0.52476344,0.02044129,0.04177161
YBR267W,312.8383,2.008034,0.31923951,3.062952e-11,4.298297e-10
YBR275C,305.8213,1.464981,0.18756091,1.720313e-15,5.595871e-14
YBR292C,47.93395,1.115822,0.32711296,3.072586e-4,0.00102468
YCL014W,162.2802,1.487935,0.18719056,5.483366e-16,2.058047e-14
YCL024W,181.7858,1.649193,0.31407657,3.086702e-8,2.387677e-7
YCL029C,47.91958,1.195153,0.31601109,6.684547e-5,2.615674e-4
YCL031C,116.0104,1.023835,0.19144709,5.000241e-8,3.687968e-7
YCL037C,137.0476,1.980092,0.39469245,5.0106450000000003e-08,3.69135e-7
YCL054W,745.656,2.067218,0.28026148,1.421046e-14,4.006085e-13
YCL058W-A,114.6431,1.556217,0.3890472,1.44757e-5,6.615226e-5
YCL059C,274.9558,1.221942,0.24962486,4.203277e-7,2.601111e-6
YCL061C,343.532,1.683887,0.2261307,1.929419e-14,5.321001e-13
YCR016W,531.0972,1.15495,0.25303899,2.344175e-6,1.267613e-5
YCR020C,30.89609,1.958626,0.33726509,6.731663e-10,7.104648e-9
YCR025C,24.05352,1.178062,0.30194728,4.235835e-5,1.72562e-4
YCR031C,367.7796,1.337939,0.55425785,0.004453101,0.01097359
YCR035C,214.4372,1.326925,0.20608297,4.503873e-11,6.091272e-10
YCR036W,69.07342,1.529604,0.27872313,1.05516e-8,8.98373e-8
YCR051W,17.94626,1.577746,0.4654727,1.427298e-4,5.161547e-4
YCR052W,80.39242,1.679446,0.27049209,1.057526e-10,1.287502e-9
YCR053W,385.6077,1.203312,0.22569838,4.318559e-8,3.234076e-7
YCR065W,52.61409,1.653038,0.36673651,1.275713e-6,7.179991e-6
YCR071C,28.23897,1.025592,0.36687015,0.002694468,0.007088765
YCR072C,20.92423,1.075745,0.41199554,0.004288606,0.01062147
YCR086W,77.00369,1.645425,0.21703442,7.430583e-15,2.17199e-13
YCR087C-A,24.45162,1.165016,0.4370107,0.003176994,0.008185082
YCR088W,389.771,1.036379,0.23105484,3.977502e-6,2.042858e-5
YDL001W,279.8132,1.088747,0.17820172,5.218242e-10,5.642165e-9
YDL003W,129.008,1.733878,0.27197902,3.259186e-11,4.54352e-10
YDL015C,157.0243,1.109226,0.2203626,2.418345e-7,1.570068e-6
YDL019C,1377.262,1.175067,0.22371434,6.915391e-8,4.97328e-7
YDL031W,1032.999,1.610658,0.24095051,5.303733e-12,8.67051e-11
YDL039C,31.02073,1.24089,0.40915372,9.177928e-4,0.002738269
YDL040C,355.5489,1.313017,0.1551376,1.007425e-17,5.605348e-16
YDL042C,71.5096,1.924801,0.31454186,1.09473e-10,1.322642e-9
YDL051W,124.3299,1.286603,0.32535959,2.874381e-5,1.228585e-4
YDL058W,1008.888,1.150657,0.16035214,3.493358e-13,7.14786e-12
YDL060W,271.9591,1.997591,0.29580452,1.45895e-12,2.69015e-11
YDL061C,103.4359,1.556386,0.56632071,0.001120501,0.003257259
YDL075W,595.0307,2.083078,0.27059507,1.168713e-15,4.007108e-14
YDL082W,73.43126,1.2423,0.35736709,1.993283e-4,6.985299e-4
YDL092W,139.0666,1.072894,0.20711705,1.170404e-7,8.069425e-7
YDL093W,38.91717,1.235034,0.30530724,2.136085e-5,9.422246e-5
YDL101C,101.9566,1.215049,0.30496709,2.846712e-5,1.219223e-4
YDL112W,154.8513,1.012107,0.23820326,1.204209e-5,5.612269e-5
YDL122W,646.896,1.305227,0.16488612,9.616487e-16,3.351504e-14
YDL130W,1067.071,2.093101,0.3457682,1.094719e-10,1.322642e-9
YDL136W,190.0415,1.583071,0.50071333,3.040157e-4,0.001016538
YDL143W,432.8611,1.845669,0.20680257,6.596608e-20,5.731820000000001e-18
YDL148C,486.3368,2.439821,0.28935749,1.1258140000000001e-18,7.847297e-17
YDL150W,161.2756,1.518205,0.30089131,1.180009e-7,8.126818e-7
YDL153C,866.7919,1.621488,0.30586448,2.483788e-8,1.974269e-7
YDL157C,100.0204,1.040109,0.23052276,3.496314e-6,1.819288e-5
YDL164C,79.21807,1.39317,0.29274333,6.29684e-7,3.73978e-6
YDL191W,231.4399,1.520429,0.36601342,8.116509e-6,3.915058e-5
YDL197C,95.55487,1.420987,0.2958917,4.841851e-7,2.961607e-6
YDL201W,90.74198,1.299001,0.29644352,4.397964e-6,2.233489e-5
YDL207W,414.3915,1.042448,0.17571311,1.646672e-9,1.599516e-8
YDL208W,565.3455,1.987414,0.30085397,4.057169e-12,6.82616e-11
YDL209C,45.11554,1.232935,0.32078025,4.927431e-5,1.984425e-4
YDL213C,487.5654,1.64186,0.24137702,2.229703e-12,3.91773e-11
YDL239C,186.5318,1.290213,0.19419099,1.210771e-11,1.864059e-10
YDL243C,21.26771,1.229887,0.39950989,8.067596e-4,0.002446117
YDL246C,9.009635,1.241291,0.56580283,0.00920827,0.02082284
YDR001C,843.9231,1.051228,0.17106632,4.374576e-10,4.800681e-9
YDR002W,131.103,1.236488,0.25249377,4.071619e-7,2.533213e-6
YDR012W,311.6409,1.717475,0.54273898,2.17505e-4,7.534868e-4
YDR021W,21.92386,1.47767,0.39120984,4.162756e-5,1.700216e-4
YDR025W,306.7931,1.91993,0.37224365,2.793203e-8,2.187319e-7
YDR026C,356.8005,1.114692,0.15613821,4.78277e-13,9.539971e-12
YDR033W,693.9167,1.209224,0.27672495,5.34858e-6,2.686147e-5
YDR049W,228.0391,1.312712,0.20177744,2.958468e-11,4.179413e-10
YDR052C,256.1351,1.430839,0.19673889,1.122849e-13,2.599354e-12
YDR060W,769.4357,1.670348,0.28473291,8.901306e-10,9.121322e-9
YDR064W,463.7754,1.557109,0.52259264,5.719303e-4,0.001802163
YDR083W,416.5763,1.212352,0.21347268,5.954463e-9,5.253012e-8
YDR086C,46.63681,1.111193,0.31882471,2.359206e-4,8.119497e-4
YDR087C,85.57355,1.846988,0.31643032,7.301565e-10,7.617405e-9
YDR097C,111.6608,1.454527,0.29255074,1.940763e-7,1.287684e-6
YDR113C,45.29207,1.734381,0.33289723,3.221089e-8,2.476529e-7
YDR152W,139.811,1.639571,0.2666605,1.674302e-10,1.952224e-9
YDR156W,25.03976,1.468649,0.50713702,8.987736e-4,0.002685314
YDR157W,371.331,1.079293,0.26890303,3.057756e-5,1.300828e-4
YDR165W,101.4586,1.35967,0.299831,1.960483e-6,1.076653e-5
YDR172W,317.6933,1.601809,0.23343926,1.589033e-12,2.913075e-11
YDR183W,18.14883,1.496013,0.47911247,4.189291e-4,0.001362701
YDR184C,56.9296,2.575983,0.43774149,7.004104e-11,9.029885e-10
YDR218C,52.21705,2.10668,0.33465163,2.322326e-11,3.394128e-10
YDR226W,85.79791,1.519082,0.50746421,5.980018e-4,0.001869456
YDR227W,367.4301,1.105895,0.15707061,9.841535e-13,1.857883e-11
YDR245W,71.54271,1.175065,0.23103821,1.680705e-7,1.129312e-6
YDR266C,152.6661,1.424916,0.21058537,4.225397e-12,7.071688e-11
YDR285W,126.3886,1.130441,0.27307502,1.664975e-5,7.490027e-5
YDR299W,260.6135,1.751825,0.37729034,5.440146e-7,3.286366e-6
YDR309C,86.52401,2.664335,0.45435869,5.713878e-11,7.566415e-10
YDR310C,301.4146,1.783908,0.25773625,7.276997e-13,1.402978e-11
YDR311W,125.8183,1.043714,0.19562462,5.231784e-8,3.845331e-7
YDR312W,120.9385,1.528997,0.26586243,2.319582e-9,2.192714e-8
YDR324C,140.3108,1.304673,0.24778201,5.314702e-8,3.897243e-7
YDR325W,181.8091,1.429293,0.23939824,7.430443e-10,7.73913e-9
YDR329C,134.0548,1.01801,0.193892,8.577878e-8,6.099718e-7
YDR335W,573.1593,1.183836,0.19843228,1.118398e-9,1.122469e-8
YDR339C,168.9574,1.034548,0.22479587,2.295405e-6,1.2423e-5
YDR341C,210.5958,1.14014,0.20005032,5.855721e-9,5.180313e-8
YDR348C,103.5149,1.468771,0.3095654,5.907485e-7,3.527919e-6
YDR351W,304.9989,1.862935,0.17795602,1.741416e-26,3.808896e-24
YDR359C,190.6086,1.72846,0.22014219,7.616926e-16,2.729614e-14
YDR361C,56.74437,1.460496,0.29997092,3.239253e-7,2.056715e-6
YDR363W,201.4234,1.009293,0.21810805,2.096299e-6,1.140379e-5
YDR365C,731.063,2.121947,0.27750605,1.587222e-15,5.271072e-14
YDR374C,19.04953,1.09466,0.44681553,0.006461254,0.01524125
YDR382W,612.1747,1.161363,0.29790228,4.396821e-5,1.78547e-4
YDR398W,56.07005,1.033699,0.31883856,6.267578e-4,0.001943072
YDR412W,144.4839,1.652167,0.26683893,1.245051e-10,1.495712e-9
YDR418W,197.5301,1.591301,0.53081656,4.991215e-4,0.00159573
YDR420W,427.1768,1.561607,0.24946616,9.603967e-11,1.180581e-9
YDR429C,726.6985,1.103975,0.19445822,6.987694e-9,6.096691e-8
YDR440W,66.73949,1.334663,0.26005062,1.033151e-7,7.209328e-7
YDR446W,9.910044,1.280607,0.48592832,0.002805268,0.007349778
YDR450W,183.5973,1.530758,0.50139015,4.841372e-4,0.00155409
YDR451C,83.63925,1.112739,0.4358789,0.004754311,0.01161209
YDR452W,1169.781,1.157039,0.18325241,1.302587e-10,1.550152e-9
YDR454C,55.26719,1.908624,0.34983962,5.708575e-9,5.064265e-8
YDR464W,1075.282,1.180086,0.18546275,9.187091e-11,1.140386e-9
YDR478W,136.3223,1.436624,0.24038509,7.073714e-10,7.391856e-9
YDR486C,31.01066,1.264911,0.4147752,8.337249e-4,0.00251585
YDR496C,525.5524,1.690862,0.30729776,7.092359e-9,6.17951e-8
YDR499W,109.6349,1.006302,0.20073344,3.060475e-7,1.952977e-6
YDR507C,636.0872,2.193893,0.32136115,5.374836e-13,1.05224e-11
YDR515W,70.41509,1.987969,0.24080302,1.619871e-17,8.422e-16
YDR524C-B,384.059,1.577645,0.45087489,9.670909e-5,3.647002e-4
YDR527W,666.3766,1.395732,0.29030907,4.92719e-7,3.005112e-6
YDR533C,193.785,1.602841,0.41511769,2.310653e-5,1.010095e-4
YEL009C,292.1272,1.156183,0.56385326,0.01501898,0.03211915
YEL009C-A,17.28278,1.840241,0.36716918,7.182993e-8,5.159878e-7
YEL022W,282.3852,1.087741,0.16899453,6.411532e-11,8.385226e-10
YEL026W,183.8095,2.009477,0.70972442,2.423109e-4,8.299018e-4
YEL042W,113.2436,1.335671,0.25459114,5.607173e-8,4.092785e-7
YEL052W,139.2807,1.081344,0.21362384,2.163947e-7,1.420902e-6
YEL054C,530.8656,1.706136,0.25307204,2.977318e-12,5.104089e-11
YEL055C,392.6576,1.315023,0.21426043,3.181623e-10,3.559265e-9
YEL059C-A,40.5004,1.233807,0.4738213,0.003343892,0.008531902
YER006W,717.3697,2.20519,0.26841601,1.3367960000000001e-17,7.309736e-16
YER025W,477.6986,1.146935,0.21785986,6.736849e-8,4.850378e-7
YER031C,103.1606,1.890264,0.26837528,2.437503e-13,5.153694e-12
YER032W,149.4905,1.390105,0.2432253,3.654984e-9,3.350226e-8
YER056C-A,204.7427,1.375456,0.5445331,0.003090972,0.007995935
YER058W,128.2651,1.694955,0.27596903,1.563804e-10,1.833495e-9
YER064C,170.8647,1.279219,0.21676978,1.441812e-9,1.420095e-8
YER074W,579.4827,1.859299,0.31712782,6.083016e-10,6.473921e-9
YER082C,213.7429,2.240893,0.29076711,7.315123e-16,2.651419e-14
YER085C,7.398989,2.043511,0.62092637,5.776709e-5,2.298724e-4
YER087C-B,23.19246,1.571372,0.43444955,6.354143e-5,2.501821e-4
YER095W,28.968,1.424287,0.37489922,4.228845e-5,1.72388e-4
YER102W,667.8677,1.402373,0.40098004,1.390256e-4,5.044849e-4
YER106W,25.12812,1.924381,0.54742694,3.868474e-5,1.603667e-4
YER110C,146.622,1.485984,0.31911232,8.773028e-7,5.095908e-6
YER111C,322.5192,1.325016,0.21640269,3.431992e-10,3.825857e-9
YER114C,96.34917,1.158794,0.18754692,3.083216e-10,3.455272e-9
YER115C,142.7961,1.163245,0.21343699,2.366757e-8,1.885972e-7
YER120W,89.63982,1.599949,0.37453203,4.139016e-6,2.115534e-5
YER126C,68.41472,1.385145,0.36243385,4.153643e-5,1.699778e-4
YER127W,278.1197,1.684267,0.312213,1.311763e-8,1.100597e-7
YER128W,15.9204,1.106326,0.40837515,0.003087708,0.007990751
YER132C,241.3097,1.419558,0.19264474,5.60026e-14,1.398522e-12
YER137C,61.80711,1.696256,0.29410606,1.52059e-9,1.488442e-8
YER142C,83.09354,1.439784,0.32610591,2.966529e-6,1.569366e-5
YER145C,457.6052,1.037698,0.3473024,0.001455208,0.004118868
YER167W,246.8027,1.094269,0.19923995,2.046782e-8,1.658076e-7
YER175C,50.20017,1.082965,0.30239585,1.714499e-4,6.072066e-4
YER177W,501.7545,1.183385,0.33184857,1.568631e-4,5.602381e-4
YFL002C,329.6178,1.51758,0.18465066,5.700843e-17,2.582889e-15
YFL002W-A,1924.885,1.545214,0.49751372,3.96467e-4,0.001297214
YFL008W,401.6121,1.724438,0.27130256,3.756575e-11,5.172087e-10
YFL023W,371.6012,1.518957,0.27024437,5.051273e-9,4.551168e-8
YFL040W,129.4702,1.415434,0.26140505000000003,1.949565e-8,1.585396e-7
YFL060C,2.807511,2.427121,1.28009834,2.882028e-4,9.687706e-4
YFR009W,200.8789,1.006186,0.18587864,3.555537e-8,2.713932e-7
YFR016C,1165.051,1.161015,0.17758612,2.979486e-11,4.190439e-10
YFR017C,330.1093,1.022094,0.36589695,0.002725126,0.007161909
YFR019W,384.8879,1.470039,0.17097896,2.452144e-18,1.555395e-16
YFR023W,13.65607,2.450285,0.62276975,1.55627e-6,8.628862e-6
YFR028C,111.357,1.384836,0.26939323,9.09978e-8,6.427606e-7
YFR031C,400.6183,1.513528,0.14955028,1.2645319999999999e-24,2.056648e-22
YFR031C-A,466.0368,1.084294,0.38888891,0.002528589,0.006713622
YFR032C,18.1957,2.054889,0.46943296,8.736892e-7,5.07957e-6
YFR035W-A,32.30716,1.433364,0.51445665,0.001338822,0.003839957
YFR037C,69.2951,1.197602,0.28836015,1.42484e-5,6.526633e-5
YFR038W,278.7829,1.072847,0.17753722,8.062618e-10,8.342771e-9
YGL012W,105.8973,1.021654,0.34539137,0.001637017,0.004572257
YGL019W,86.29451,1.461992,0.28707525,1.023522e-7,7.167123e-7
YGL023C,48.41667,1.083165,0.29426065,1.169362e-4,4.324935e-4
YGL029W,276.1311,1.61776,0.40270812,1.186175e-5,5.544517e-5
YGL031C,320.2486,1.395826,0.33506183,9.738983e-6,4.637715e-5
YGL075C,27.25924,1.478251,0.38922277,3.831352e-5,1.591504e-4
YGL078C,279.598,1.786636,0.28210908,3.829016e-11,5.253845e-10
YGL086W,352.0875,1.042647,0.14221933,1.270197e-13,2.887764e-12
YGL090W,143.2004,1.167131,0.2120187,1.72873e-8,1.414882e-7
YGL099W,222.0627,1.793709,0.21565046,1.465665e-17,7.878571e-16
YGL105W,267.6107,1.730221,0.23935478,8.920295e-14,2.127122e-12
YGL108C,320.1725,1.236576,0.25035709,3.28582e-7,2.082113e-6
YGL111W,198.5832,1.72592,0.27101652,3.460814e-11,4.803488e-10
YGL120C,207.5309,1.811806,0.26699058,1.763251e-12,3.195515e-11
YGL128C,53.92408,1.384226,0.29158246,6.77378e-7,3.993131e-6
YGL133W,781.2703,1.276613,0.20526274,2.011268e-10,2.319541e-9
YGL137W,288.5036,1.069281,0.21648178,4.142067e-7,2.568244e-6
YGL148W,100.2036,1.569744,0.32840495,4.102282e-7,2.546785e-6
YGL163C,998.6765,1.612796,0.25778927,8.916015e-11,1.108907e-9
YGL171W,139.5204,1.483951,0.27230431,1.422273e-8,1.183921e-7
YGL173C,733.335,1.209219,0.14433561,2.4349720000000002e-17,1.206643e-15
YGL174W,81.77825,1.261178,0.28179819,3.037976e-6,1.604487e-5
YGL180W,375.5439,1.405145,0.18817543,2.731075e-14,7.27866e-13
YGL183C,31.8576,1.571733,0.44016472,7.537375e-5,2.911667e-4
YGL189C,535.754,1.470916,0.46259053,3.664763e-4,0.001205059
YGL203C,380.3915,1.586694,0.21471738,3.565532e-14,9.268922e-13
YGL207W,414.106,1.414536,0.18823556,1.873185e-14,5.211233e-13
YGL210W,69.64658,1.410615,0.20910031,4.978476e-12,8.202201e-11
YGL228W,354.5864,1.006614,0.19637937,1.694264e-7,1.136629e-6
YGL243W,16.01825,1.100587,0.43536982,0.005191252,0.01255361
YGL246C,55.89916,1.293778,0.27595103,1.048763e-6,5.993067e-6
YGR001C,515.9393,1.805303,0.25865869,4.616642e-13,9.237653e-12
YGR014W,332.6767,1.980844,0.25885043,2.120505e-15,6.72518e-14
YGR017W,104.3505,1.185247,0.26031362,2.366652e-6,1.276867e-5
YGR060W,585.5391,1.665104,0.50111406,1.46979e-4,5.288076e-4
YGR078C,28.86086,1.343047,0.4475341,8.429392e-4,0.002538824
YGR083C,801.1578,1.467812,0.221687,1.058523e-11,1.64564e-10
YGR085C,338.65,2.077333,0.33525325,4.683324e-11,6.320494e-10
YGR093W,174.008,1.285902,0.22520813,4.461144e-9,4.048217e-8
YGR094W,821.2665,1.353757,0.21614516,1.348638e-10,1.601949e-9
YGR102C,220.9094,1.045362,0.23961729,6.928752e-6,3.393751e-5
YGR103W,916.7725,1.008244,0.26411502,7.517808e-5,2.905878e-4
YGR123C,21.93194,1.124082,0.39686976,0.00208136,0.005678307
YGR128C,69.25417,1.277911,0.32414601,3.063885e-5,1.302562e-4
YGR145W,413.2979,1.739766,0.30151634,1.368682e-9,1.354376e-8
YGR148C,804.7811,1.180694,0.25241233,1.31214e-6,7.371926e-6
YGR152C,152.6724,1.231014,0.26052027,9.662404e-7,5.561581e-6
YGR153W,48.88008,1.472719,0.31456614,7.964769e-7,4.651982e-6
YGR159C,235.065,2.180822,0.3588981,7.549457e-11,9.577241e-10
YGR162W,652.2445,1.505032,0.23234237,2.584237e-11,3.742424e-10
YGR187C,110.4551,1.742518,0.27694831,5.478318e-11,7.300203e-10
YGR196C,260.9374,1.142357,0.17292506,1.931547e-11,2.842646e-10
YGR214W,57.49309,1.449921,0.38069108,3.879258e-5,1.606144e-4
YGR245C,260.0401,2.121461,0.28983801,1.895347e-14,5.249863e-13
YGR251W,171.8066,1.420408,0.27644727,8.674587e-8,6.16158e-7
YGR270W,757.5655,1.114682,0.1606328,2.00405e-12,3.590873e-11
YGR279C,487.7303,1.591245,0.23950406,7.253177e-12,1.155952e-10
YGR283C,176.1852,1.877498,0.25846066,5.041419e-14,1.274013e-12
YGR285C,1345.359,2.063967,0.26134883,2.537782e-16,1.022971e-14
YHL001W,1476.68,1.35276,0.30747544,3.711427e-6,1.918629e-5
YHL007C,249.415,1.292763,0.20269053,7.068595e-11,9.094544e-10
YHL031C,53.66335,1.326324,0.32628275,1.69349e-5,7.612906e-5
YHL033C,89.24236,1.380483,0.39187366,1.319489e-4,4.810068e-4
YHR007C,1757.461,1.282669,0.52297027,0.004542308,0.01117172
YHR008C,390.7334,1.270709,0.30936482,1.548665e-5,7.026597e-5
YHR019C,209.3357,1.4624220000000001,0.42611522,1.566345e-4,5.597368e-4
YHR023W,591.4431,1.716211,0.19204461,7.722142999999999e-20,6.619129e-18
YHR040W,30.89478,1.453088,0.43636839,2.285933e-4,7.897427e-4
YHR052C-B,50.45393,2.54316,2.13275551,3.236879e-4,0.001073824
YHR052W,128.0232,1.900705,0.29492463,1.443734e-11,2.190815e-10
YHR057C,29.18245,1.063755,0.41417749,0.00492293,0.01197322
YHR064C,295.6675,1.714437,0.24022844,1.802163e-13,3.888137e-12
YHR066W,247.0754,2.136051,0.36078881,2.198681e-10,2.521923e-9
YHR068W,167.9028,1.548254,0.30927131,1.367883e-7,9.32955e-7
YHR079C,282.9272,1.032789,0.19068208,3.384871e-8,2.586775e-7
YHR088W,176.8739,1.785779,0.29141104,1.411548e-10,1.66421e-9
YHR089C,196.1333,2.34764,0.30704004,8.722052e-16,3.056573e-14
YHR107C,300.8386,1.5691329999999999,0.17847869,3.73742e-19,2.9267230000000005e-17
YHR117W,193.4211,1.051976,0.21633841,6.248821e-7,3.714739e-6
YHR119W,404.0993,1.469887,0.15724299,2.710981e-21,2.9145349999999997e-19
YHR127W,41.5565,1.28308,0.28499123,2.591195e-6,1.389345e-5
YHR129C,22.41254,1.297763,0.39082227,3.16636e-4,0.00105153
YHR149C,67.13667,1.341713,0.32508104,1.264174e-5,5.844501e-5
YHR153C,15.81178,1.505861,0.50389834,6.256062e-4,0.001941399
YHR154W,352.5123,1.90302,0.30456923,5.110982e-11,6.868423e-10
YHR169W,45.58305,1.187273,0.26228574,2.67395e-6,1.427682e-5
YHR170W,170.4801,1.814492,0.30612095,4.558078e-10,4.993418e-9
YHR175W-A,210.1492,1.322081,0.31103227,7.633365e-6,3.693245e-5
YHR179W,418.3143,1.437781,0.25476712,5.118929e-9,4.59906e-8
YHR182W,70.77125,1.088421,0.20591868,6.490063e-8,4.688664e-7
YHR193C,306.0046,1.073367,0.42415327,0.005381859,0.01298332
YHR196W,415.6063,1.563679,0.23660868,9.685923e-12,1.513247e-10
YHR199C,126.5894,1.147198,0.29926618,5.846168e-5,2.323449e-4
YHR203C,195.6653,1.350114,0.57394019,0.005029319,0.01220856
YHR205W,187.7574,1.499749,0.22641755,9.824823e-12,1.531176e-10
YIL008W,14.29144,1.323532,0.43127118,7.043613e-4,0.002159383
YIL019W,123.1601,1.827227,0.29251724,6.112755e-11,8.010993e-10
YIL022W,41.64122,1.342164,0.30928066,4.959732e-6,2.502751e-5
YIL024C,8.759166,1.271414,0.54052763,0.005970654,0.01423219
YIL026C,225.2395,1.147559,0.25770821,3.992839e-6,2.047616e-5
YIL035C,234.6571,1.410639,0.1467829,2.42123e-22,3.071572e-20
YIL039W,38.08294,1.083264,0.36361756,0.001402259,0.003993952
YIL044C,100.5117,1.073726,0.27492922,4.830865e-5,1.949248e-4
YIL046W-A,5.832695,1.749369,0.73856402,0.001615622,0.004522458
YIL052C,262.5808,1.456515,0.34472662,6.734964e-6,3.309053e-5
YIL063C,348.1001,1.050991,0.18094396,3.445479e-9,3.167344e-8
YIL064W,65.30727,1.945222,0.31447098,6.891754e-11,8.921305e-10
YIL069C,322.9067,1.282473,0.33614111,5.093853e-5,2.047548e-4
YIL075C,1563.276,1.098206,0.20001978,2.056395e-8,1.659506e-7
YIL079C,49.42867,2.333485,0.3906961,9.205766e-11,1.140472e-9
YIL091C,225.2091,2.02896,0.30867566,4.577261e-12,7.620359e-11
YIL092W,70.75701,1.014936,0.22413714,3.341134e-6,1.745701e-5
YIL096C,68.38067,1.186477,0.28133684,1.094615e-5,5.162189e-5
YIL117C,7.126999,1.165394,0.59556227,0.01783946,0.03717898
YIL126W,834.3345,1.133888,0.15213875,4.54079e-14,1.157491e-12
YIL127C,472.0504,2.251751,0.32279772,1.624254e-13,3.627691e-12
YIL133C,203.2011,1.210554,0.53729373,0.008565828,0.01959172
YIL144W,437.0586,1.008858,0.15700953,7.583855e-11,9.601675e-10
YIL147C,318.2073,1.304916,0.20117456,3.402233e-11,4.732536e-10
YIL148W,732.4065,1.061499,0.28729802,1.141176e-4,4.233029e-4
YIL150C,171.2507,1.135599,0.24894304,2.438626e-6,1.311977e-5
YIL151C,444.2796,1.476008,0.20085332,5.91336e-14,1.465173e-12
YIL158W,110.3846,1.279671,0.26593628,5.842885e-7,3.493065e-6
YIL159W,141.8045,1.118379,0.22089541,2.050517e-7,1.349214e-6
YIL173W,16.64404,4.988332,7.64083212,3.720116e-4,0.001221361
YIL177C,279.9165,1.297326,0.37877483,2.187355e-4,7.573359e-4
YIR002C,284.1485,1.114942,0.1604605,1.878845e-12,3.379356e-11
YIR010W,305.526,2.049208,0.23615619,3.798943e-19,2.9386220000000004e-17
YIR024C,170.2266,1.09559,0.19982462,2.15542e-8,1.735004e-7
YJL010C,62.41395,1.066164,0.33971906,8.534055e-4,0.002565474
YJL014W,500.6846,1.186867,0.17158968,2.132556e-12,3.778436e-11
YJL033W,292.5529,2.118671,0.30993231,6.132828e-13,1.193268e-11
YJL034W,604.1746,1.791297,0.23250276,2.139008e-15,6.750114e-14
YJL038C,8.426242,2.082498,0.64672886,6.379885e-5,2.510398e-4
YJL050W,333.1161,1.192464,0.29491382,2.297258e-5,1.004932e-4
YJL066C,435.2499,1.306813,0.32374423,1.973009e-5,8.763861e-5
YJL073W,88.57095,1.07845,0.29134499,1.085944e-4,4.052224e-4
YJL074C,251.6717,1.611399,0.23808499,2.987673e-12,5.108035e-11
YJL076W,439.5497,1.438289,0.19307057,2.954424e-14,7.808298e-13
YJL080C,158.9671,1.167774,0.23299385,2.497664e-7,1.618251e-6
YJL088W,20.1932,1.228285,0.46066014,0.002838427,0.007418271
YJL092W,399.9619,1.744315,0.14027042,3.118034e-36,2.8253839999999998e-33
YJL098W,238.4621,2.013465,0.30971809,7.672354e-12,1.216643e-10
YJL102W,155.5333,1.073495,0.26481728,2.601467e-5,1.124053e-4
YJL104W,56.10411,1.373819,0.26956677,1.170261e-7,8.069425e-7
YJL105W,33.32244,1.284602,0.33824598,5.441462e-5,2.178185e-4
YJL115W,315.2113,1.786767,0.2858446,6.48944e-11,8.434943e-10
YJL122W,60.6228,2.159795,0.3716754,3.962843e-10,4.379149e-9
YJL124C,73.13502,1.58767,0.28470927,5.720213e-9,5.067502e-8
YJL136C,263.3888,1.707257,0.24535484,6.563509e-13,1.27316e-11
YJL148W,442.5075,2.39456,0.35141278,3.318234e-13,6.833622e-12
YJL158C,131.3982,1.206138,0.42392378,0.001749341,0.004862432
YJL162C,131.6563,1.149143,0.21277926,3.180152e-8,2.450997e-7
YJL168C,188.178,1.311535,0.23370482,7.571903e-9,6.561281e-8
YJL176C,286.3318,1.52535,0.17719914,2.035594e-18,1.317528e-16
YJL177W,149.3751,1.580047,0.38742899,9.941322e-6,4.723431e-5
YJL178C,119.9185,1.139505,0.1908002,1.143289e-9,1.140234e-8
YJL183W,242.1304,1.511678,0.19377397,1.709397e-15,5.589023e-14
YJL184W,103.8509,1.676282,0.27882348,3.634584e-10,4.037507e-9
YJL187C,189.9744,1.794986,0.26715793,2.899442e-12,5.000985e-11
YJL190C,143.7799,1.489228,0.54043515,0.001288163,0.003703906
YJR002W,270.2208,1.812028,0.23962312,6.170694e-15,1.820498e-13
YJR005C-A,86.71835,1.54556,0.29996762,6.402473e-8,4.641244e-7
YJR007W,59.21234,1.261717,0.3164467,2.612948e-5,1.126749e-4
YJR014W,465.4336,1.377968,0.19646604,8.049556e-13,1.547222e-11
YJR054W,157.278,1.564944,0.21757127,1.596827e-13,3.579037e-12
YJR056C,40.32218,1.674466,0.28929841,1.40795e-9,1.3889e-8
YJR060W,86.47766,1.025206,0.23450443,6.814744e-6,3.34566e-5
YJR070C,45.55184,1.731779,0.52449417,1.339703e-4,4.875351e-4
YJR072C,521.307,1.848585,0.21802705,3.324875e-18,2.027854e-16
YJR082C,24.94922,1.039678,0.30215925,3.065859e-4,0.001022974
YJR097W,11.30603,1.491597,0.57520551,0.001986126,0.005441898
YJR105W,96.29462,1.188112,0.48010293,0.005149394,0.01246189
YJR107W,24.27577,1.436617,0.32639302,3.174672e-6,1.668347e-5
YJR112W,24.02991,1.333717,0.41354625,4.123256e-4,0.001343978
YJR123W,319.4783,1.12489,0.45716292,0.005973025,0.01423249
YJR129C,19.04695,1.138166,0.42086981,0.00297498,0.007733279
YJR145C,505.2774,1.322656,0.52029993,0.003317571,0.008478385
YKL009W,220.6156,2.115003,0.34447581,6.064098e-11,7.96368e-10
YKL014C,231.142,1.402436,0.27348637,9.438387e-8,6.644582e-7
YKL021C,141.1477,1.296422,0.24104253,2.899456e-8,2.264932e-7
YKL028W,387.1869,1.282991,0.19423952,1.591586e-11,2.392283e-10
YKL042W,26.06389,1.173244,0.40276771,0.001501887,0.00423587
YKL050C,209.507,1.863677,0.2609264,1.264567e-13,2.885304e-12
YKL054C,2565.373,1.146028,0.20009371,4.923845e-9,4.442667e-8
YKL089W,112.3731,1.223381,0.2438659,2.251025e-7,1.476552e-6
YKL096W-A,206.2366,2.090891,0.72959429,1.690372e-4,5.996661e-4
YKL099C,148.8887,1.429803,0.28344024,1.394268e-7,9.478929e-7
YKL101W,1071.574,2.10203,0.26452106,1.560697e-16,6.567388e-15
YKL107W,12.40958,1.139508,0.56386834,0.01653194,0.03487265
YKL108W,1869.318,1.050509,0.32913217,7.281811e-4,0.002225953
YKL112W,69.4661,1.110997,0.32374279,2.871347e-4,9.656921e-4
YKL113C,167.443,1.726554,0.29403719,7.677057e-10,7.98288e-9
YKL139W,55.20925,1.041549,0.22229046,1.521854e-6,8.460226e-6
YKL143W,281.4354,1.92437,0.29766031,1.197737e-11,1.848478e-10
YKL172W,1203.898,1.419001,0.31478999,2.006697e-6,1.101079e-5
YKL175W,140.2997,1.142102,0.28713944,3.261985e-5,1.380305e-4
YKL180W,287.3176,1.596407,0.28878787,7.412212e-9,6.431691e-8
YKL191W,29.97939,1.222555,0.38029838,5.187246e-4,0.001650913
YKL201C,876.5402,1.222799,0.20355462,8.214573e-10,8.472364e-9
YKL216W,171.2156,1.473719,0.26640213,9.108702e-9,7.807634e-8
YKR001C,554.4976,1.320989,0.16058396,7.409053e-17,3.286407e-15
YKR002W,298.1198,1.463869,0.16903338,1.436027e-18,9.690128000000001e-17
YKR010C,104.6623,1.033983,0.21556178,8.889776e-7,5.154282e-6
YKR019C,104.6693,1.0316940000000001,0.21396571,7.866501e-7,4.603064e-6
YKR025W,49.04075,1.171226,0.33841743,2.360453e-4,8.119497e-4
YKR037C,45.974,1.307827,0.26930987,4.478213e-7,2.752452e-6
YKR050W,112.3576,1.299691,0.22982097,6.004671e-9,5.282612e-8
YKR062W,189.8775,1.052981,0.17917837,2.281622e-9,2.160049e-8
YKR063C,218.7735,1.20057,0.21536869,1.109281e-8,9.381558e-8
YKR071C,416.9577,1.33567,0.17843745,2.659572e-14,7.148163e-13
YKR077W,74.00333,1.040859,0.26166763,3.737822e-5,1.559803e-4
YKR081C,130.768,2.140454,0.32002744,1.596519e-12,2.918362e-11
YKR092C,310.2824,1.522392,0.23992352,5.9534e-11,7.834526e-10
YKR094C,51.96156,1.35172,0.36803524,7.904072e-5,3.034838e-4
YKR095W,2118.831,1.078893,0.14731704,1.287092e-13,2.915722e-12
YKR099W,209.93,1.557699,0.31902694,2.518387e-7,1.628351e-6
YLL006W-A,16.0934,1.8757490000000001,0.41380769,6.853989e-7,4.032918e-6
YLL008W,726.3695,1.763091,0.34354073,4.573596e-8,3.396993e-7
YLL018C,468.7973,1.218362,0.21927877,1.200236e-8,1.01238e-7
YLL021W,963.1499,1.284393,0.22488946,4.435488e-9,4.030702e-8
YLL022C,55.40654,2.369697,0.31195933,1.201051e-15,4.095842e-14
YLL034C,242.6982,1.966207,0.23014933,1.477181e-18,9.862907000000001e-17
YLL036C,294.2641,1.474587,0.17798753,3.5346120000000006e-17,1.698488e-15
YLL045C,529.1494,1.384318,0.44544144,5.52935e-4,0.001747517
YLL046C,58.12738,2.787194,0.35538673,4.142151e-17,1.931887e-15
YLR002C,131.2646,1.427562,0.25975053,1.211422e-8,1.019105e-7
YLR003C,186.4887,2.588323,0.2421785,2.567312e-28,6.785191999999999e-26
YLR009W,97.02529,1.64438,0.31993904,5.641396e-8,4.113032e-7
YLR021W,24.10102,1.151272,0.43471581,0.003417682,0.008706167
YLR022C,203.2284,1.323517,0.20978274,1.054303e-10,1.286047e-9
YLR026C,60.99877,1.024894,0.25709146,3.678012e-5,1.538894e-4
YLR030W,11.88103,1.788331,0.68122595,8.140681e-4,0.002465524
YLR032W,198.0353,1.264273,0.22076158,4.172116e-9,3.80226e-8
YLR045C,513.0868,1.571717,0.20829918,1.124588e-14,3.227719e-13
YLR051C,241.8429,1.04019,0.28592178,1.46234e-4,5.264259e-4
YLR055C,34.64392,1.053319,0.35432955,0.001494475,0.004216839
YLR061W,491.5498,1.061973,0.37821225,0.002463545,0.0065629
YLR068W,165.5781,1.234573,0.32021391,4.684055e-5,1.892418e-4
YLR073C,11.94551,1.075444,0.47225842,0.01035819,0.0231101
YLR074C,62.69382,2.007245,0.46170564,1.135068e-6,6.451376e-6
YLR086W,628.2947,1.609999,0.18620305,1.248711e-18,8.609317e-17
YLR095C,493.9303,1.216532,0.20716542,1.88488e-9,1.808743e-8
YLR103C,57.33028,1.137191,0.32898109,2.522908e-4,8.603658e-4
YLR106C,2218.121,2.1916350000000002,0.24672733,4.3428829999999997e-20,3.935273e-18
YLR109W,1186.413,1.211115,0.37100263,4.457396e-4,0.001441043
YLR115W,232.7859,1.035571,0.18066777,5.522622e-9,4.913042e-8
YLR121C,346.3807,2.083032,0.4269707,7.689386e-8,5.498056e-7
YLR129W,293.7962,1.857015,0.23343899,2.548154e-16,1.022971e-14
YLR138W,1016.354,1.050316,0.15982428,2.735176e-11,3.916303e-10
YLR181C,119.9097,1.1354,0.22285308,1.695178e-7,1.136629e-6
YLR182W,251.9525,1.301788,0.16926579,5.751176e-15,1.712662e-13
YLR183C,45.11806,1.172609,0.28334452,1.575672e-5,7.138919e-5
YLR185W,236.9424,1.537565,0.54955443,0.001021055,0.003005361
YLR187W,302.9081,1.550457,0.25211672,1.969264e-10,2.275235e-9
YLR190W,31.85374,1.08134,0.32813566,4.87435e-4,0.001563094
YLR192C,384.1797,1.942567,0.23491348,1.5997890000000002e-17,8.386329e-16
YLR196W,425.5354,1.928866,0.29377539,6.078436e-12,9.886031e-11
YLR222C,254.8238,1.599998,0.26785233,5.346691e-10,5.73842e-9
YLR223C,1809.231,1.13373,0.31425271,1.443179e-4,5.204141e-4
YLR226W,124.9314,1.051427,0.23503691,4.127215e-6,2.111203e-5
YLR244C,93.73272,1.260393,0.3519406,1.309949e-4,4.780788e-4
YLR259C,361.8116,1.247302,0.26701042,1.225207e-6,6.914137e-6
YLR260W,234.8037,1.665524,0.26677299,8.739858e-11,1.089134e-9
YLR263W,72.3499,1.727136,0.24098368,1.409096e-13,3.180745e-12
YLR272C,134.1185,1.420814,0.25144625,5.059833e-9,4.552415e-8
YLR276C,409.7335,1.987726,0.31847604,4.385312e-11,5.943597e-10
YLR287C,45.60485,1.115723,0.33576877,4.211671e-4,0.001369279
YLR293C,116.7973,1.143945,0.23282447,4.284552e-7,2.646243e-6
YLR300W,586.2855,1.120589,0.29264673,6.177231e-5,2.440666e-4
YLR309C,1207.95,1.120723,0.1361884,9.571759000000001e-17,4.169947e-15
YLR314C,139.3067,1.272127,0.22850191,1.040251e-8,8.868698e-8
YLR325C,2265.261,1.335557,0.26087252,1.103498e-7,7.658081e-7
YLR333C,111.1856,1.529819,0.37763486,1.234268e-5,5.718746e-5
YLR335W,516.08,1.544222,0.13679693,4.02201e-30,1.4173119999999999e-27
YLR336C,302.5741,1.323149,0.20615206,5.18237e-11,6.949636e-10
YLR342W,2998.432,1.958583,0.27220456,6.974023e-14,1.681986e-12
YLR343W,24.06458,1.702817,0.3613298,4.336151e-7,2.675507e-6
YLR344W,271.9099,1.392042,0.56785465,0.003595652,0.009104679
YLR353W,106.1705,1.876158,0.26153702,9.820079e-14,2.306991e-12
YLR363W-A,27.91767,2.575477,0.49911911,3.909372e-9,3.570696e-8
YLR378C,472.3317,1.22353,0.32944287,8.361369e-5,3.185355e-4
YLR380W,31.43788,1.080237,0.37060322,0.001725984,0.004805934
YLR383W,333.3547,1.712714,0.20128639,3.387132e-18,2.04615e-16
YLR388W,499.0554,1.097369,0.55737055,0.02001431,0.0410711
YLR394W,115.0348,1.472322,0.24624745,6.538241e-10,6.912011e-9
YLR399C,1013.426,1.425135,0.16587056,2.784376e-18,1.748644e-16
YLR401C,173.2446,1.864114,0.32696385,1.561904e-9,1.521837e-8
YLR406C,286.9126,1.869389,0.28851881,1.233579e-11,1.885444e-10
YLR419W,192.2712,1.149223,0.18938924,6.24972e-10,6.629092e-9
YLR430W,750.1914,1.902728,0.20460562,1.854142e-21,2.081881e-19
YLR432W,71.56404,1.674802,0.30421207,7.205808e-9,6.269745e-8
YLR435W,65.10551,1.057042,0.28781021,1.250844e-4,4.586187e-4
YLR438C-A,59.01509,1.138847,0.32959345,2.52963e-4,8.621946e-4
YLR441C,175.0322,1.071268,0.34791538,0.001031715,0.003033922
YLR442C,273.9375,1.451301,0.16607627,7.347162999999999e-19,5.41896e-17
YLR448W,142.5707,2.240562,0.36954418,6.954464e-11,8.984148e-10
YLR449W,561.6354,2.019595,0.25826359,5.219402e-16,1.994377e-14
YLR455W,395.1985,1.554578,0.21919668,3.380323e-13,6.938961e-12
YML012W,167.0824,1.16005,0.17728884,2.875406e-11,4.071138e-10
YML015C,117.9026,1.103137,0.21011972,7.727782e-8,5.513759e-7
YML018C,107.2621,1.024952,0.41992215,0.007383949,0.01714363
YML045W,60.632,20.49698,3.88356051,3.27447e-8,2.511483e-7
YML049C,541.442,1.017846,0.18625862,2.627217e-8,2.064986e-7
YML056C,106.7389,1.158492,0.49891649,0.008018691,0.01848203
YML060W,38.79004,1.043821,0.34621297,0.001322269,0.00379853
YML071C,513.7756,1.085865,0.19383518,1.105848e-8,9.36501e-8
YML072C,2302.071,1.192638,0.16719396,4.498846e-13,9.059105e-12
YML073C,640.5093,1.24565,0.27279697,2.032609e-6,1.111452e-5
YML074C,1537.193,1.255661,0.19954924,1.30038e-10,1.550152e-9
YML081C-A,44.13261,1.026601,0.47204386,0.01436955,0.03096088
YML093W,532.1726,1.989722,0.32306195,7.340626e-11,9.33098e-10
YML094W,30.70418,1.301823,0.32384294,2.13361e-5,9.417875e-5
YML097C,211.8201,1.549287,0.18845268,5.278942e-17,2.415453e-15
YML098W,181.9566,1.357189,0.22101193,2.914293e-10,3.271746e-9
YML102W,38.69082,1.03354,0.3165799,5.795275e-4,0.001820474
YML106W,147.7121,1.88847,0.30912828,1.268654e-10,1.518316e-9
YML109W,183.2257,1.920422,0.22193673,6.289786999999999e-19,4.749538e-17
YML114C,175.7875,1.493128,0.17787815,1.3592e-17,7.36872e-16
YML124C,195.1818,1.142362,0.29758091,5.759149e-5,2.293175e-4
YML130C,576.8699,1.006796,0.24099347,1.659194e-5,7.474622e-5
YMR005W,367.5998,1.452354,0.21191147,2.203236e-12,3.88198e-11
YMR014W,693.9857,1.91297,0.2871415,3.296591e-12,5.605972e-11
YMR048W,24.23802,1.688063,0.44429483,2.443342e-5,1.058615e-4
YMR049C,212.552,2.016111,0.30885946,6.391217e-12,1.028921e-10
YMR076C,317.6682,2.260513,0.32739908,2.616483e-13,5.513738e-12
YMR101C,26.82735,2.749976,0.38542135,1.002026e-14,2.902216e-13
YMR117C,35.57867,1.520361,0.34810647,3.165556e-6,1.664936e-5
YMR118C,59.38647,1.191715,0.58249486,0.01408408,0.03045869
YMR124W,378.1021,1.309805,0.1866591,8.753731e-13,1.67749e-11
YMR127C,44.25908,2.174791,0.37750795,5.105488e-10,5.563856e-9
YMR128W,694.3839,1.954502,0.28048828,3.601239e-13,7.321365e-12
YMR131C,84.37837,1.750557,0.35148219000000003,1.031399e-7,7.20503e-7
YMR142C,768.5304,1.381918,0.23694655,1.854959e-9,1.785433e-8
YMR144W,36.04196,1.475182,0.35989923,1.12166e-5,5.277961e-5
YMR146C,113.1473,1.393559,0.30319815,1.383374e-6,7.737865e-6
YMR177W,70.10269,1.363842,0.26335616,7.697105e-8,5.498056e-7
YMR179W,90.73851,1.026439,0.30817153,4.638246e-4,0.001495699
YMR183C,465.5162,1.291052,0.19522015,1.48858e-11,2.248111e-10
YMR184W,95.40949,1.309527,0.25778328,1.417359e-7,9.625597e-7
YMR185W,290.549,1.392862,0.21250772,1.88155e-11,2.775505e-10
YMR186W,5427.366,1.681711,0.16653179,1.164116e-24,1.9431550000000002e-22
YMR190C,385.2329,1.260156,0.21021058,8.396338e-10,8.645775e-9
YMR192W,416.3891,1.18704,0.16506902,2.972372e-13,6.201893e-12
YMR194W,107.6693,1.266784,0.60428,0.01074295,0.02385942
YMR207C,287.681,1.16853,0.19875861,1.93501e-9,1.851247e-8
YMR214W,128.3488,1.867736,0.26429949,2.165971e-13,4.625843e-12
YMR215W,68.43388,1.405284,0.36093808,3.001678e-5,1.282131e-4
YMR216C,318.6212,1.097983,0.18563518,1.713695e-9,1.659537e-8
YMR217W,93.44082,1.565989,0.32896356,4.549004e-7,2.790613e-6
YMR226C,98.06695,1.112421,0.41840294,0.003536099,0.008978974
YMR227C,349.5374,1.091858,0.19747948,1.666927e-8,1.367829e-7
YMR229C,1459.907,1.941379,0.26416466,2.329969e-14,6.288932e-13
YMR230W,173.0579,1.021522,0.49192033,0.01817763,0.03779112
YMR230W-A,50.22855,1.438844,0.41491445,1.442958e-4,5.204141e-4
YMR236W,26.51781,1.303143,0.46948026,0.001802367,0.005003243
YMR239C,123.0745,1.021601,0.2745797,1.086506e-4,4.052224e-4
YMR273C,533.9368,1.599541,0.20211574,5.933512e-16,2.213898e-14
YMR276W,83.7992,1.329555,0.29668754,2.647567e-6,1.414787e-5
YMR277W,326.9431,1.797581,0.2783336,1.654235e-11,2.468897e-10
YMR289W,38.19174,1.489546,0.30555968,2.980182e-7,1.903655e-6
YMR290C,79.29965,2.154367,0.30540112,1.203798e-13,2.756567e-12
YMR295C,513.7445,1.440771,0.19692675,7.997481e-14,1.914265e-12
YMR296C,170.5457,1.237503,0.30024455,1.535914e-5,6.988738e-5
YNCC0005W,7.531478,1.641107,4.72022084,0.00314736,0.008125235
YNCD0004W,29.87532,6.811224,9.47699641,2.615574e-4,8.876718e-4
YNCE0011C,2243.171,2.726382,0.72001463,9.798943e-7,5.635058e-6
YNCG0034W,25.53344,1.073228,3.44703749,0.006812612,0.01596321
YNCG0039W,16.60185,3.158517,7.12544295,0.001087686,0.003177208
YNCG0044C,1627.212,2.256294,0.64184392,1.388303e-5,6.385791e-5
YNCG0047C,7.75863,1.543484,0.62818361,0.002439759,0.006508626
YNCG0048W,26.94484,1.035535,0.36927523,0.002587742,0.006842037
YNCJ0017C,10.39988,2.037925,5.45730991,0.002191184,0.005921893
YNCK0008W,32.93582,1.114956,3.55180454,0.006327422,0.01494664
YNCN0011W,26.42497,4.07424,8.07360065,7.142488e-4,0.00218547
YNCP0007C,27.80624,14.0039,9.6244965,3.5734430000000003e-05,1.499097e-4
YNL002C,476.0528,1.962508,0.27416456,9.057631e-14,2.151781e-12
YNL058C,558.9323,2.988606,0.26487766,7.162523e-32,3.49476e-29
YNL059C,470.5254,1.003652,0.18637369,4.166571e-8,3.135061e-7
YNL061W,405.9031,1.768324,0.33766846,2.592341e-8,2.045176e-7
YNL068C,78.61088,1.287092,0.21798049,1.396061e-9,1.379317e-8
YNL069C,134.108,1.919924,0.3255742,4.318399e-10,4.747245e-9
YNL079C,1029.974,1.17861,0.18415111,7.217593e-11,9.19301e-10
YNL082W,138.0678,1.137033,0.26320227,7.438748e-6,3.610098e-5
YNL087W,155.2634,1.249766,0.17831461,1.016449e-12,1.913155e-11
YNL088W,1289.291,2.053209,0.17574087,1.495113e-32,8.621366e-30
YNL091W,1026.687,1.013571,0.17221322,2.26745e-9,2.149841e-8
YNL102W,270.2271,1.754863,0.35792861,1.514661e-7,1.024253e-6
YNL103W,298.8309,1.336511,0.21618222,2.31875e-10,2.640833e-9
YNL110C,345.1082,1.40135,0.33327717,8.142939e-6,3.924823e-5
YNL113W,121.7373,2.539928,0.39645242,3.139394e-12,5.353004e-11
YNL132W,325.6754,1.489667,0.26950149,9.077174e-9,7.791139e-8
YNL141W,39.9797,1.131447,0.51418683,0.01128195,0.02490681
YNL143C,11.45716,1.188333,0.54729987,0.0108102,0.02398359
YNL146C-A,4.349921,1.634846,0.82682734,0.004485755,0.01104548
YNL149C,158.2803,1.264555,0.26421786,6.803776e-7,4.007089e-6
YNL151C,134.6094,2.056568,0.2896192,1.098157e-13,2.551506e-12
YNL154C,415.6728,1.509341,0.22124002,2.481496e-12,4.325563e-11
YNL175C,249.8638,2.173185,0.34821998,2.758376e-11,3.940626e-10
YNL178W,1328.02,1.405277,0.4662289,7.152987e-4,0.002187628
YNL186W,1141.617,1.217892,0.22036848,1.42172e-8,1.183921e-7
YNL204C,22.39137,1.398703,0.39815309,1.322106e-4,4.81684e-4
YNL207W,21.40582,1.067026,0.46511742,0.01007577,0.02258326
YNL209W,107.4374,1.343981,0.48110502,0.00157938,0.004434708
YNL227C,259.1781,1.997252,0.1988023,1.025146e-24,1.8062510000000002e-22
YNL232W,425.8475,1.739779,0.25363149,1.230865e-12,2.296287e-11
YNL233W,332.9407,1.173595,0.22659517,1.02775e-7,7.187448e-7
YNL247W,160.5462,1.370495,0.24211132,5.195598e-9,4.660368e-8
YNL248C,58.44259,1.560395,0.30986546,1.146956e-7,7.933636e-7
YNL254C,109.8072,1.38522,0.2062131,6.321759e-12,1.020329e-10
YNL262W,282.0876,1.73728,0.24697704,3.600959e-13,7.321365e-12
YNL269W,5.639532,1.467529,0.72708657,0.007312206,0.01700195
YNL270C,19.28562,1.33108,0.45152556,0.001017822,0.002997236
YNL273W,108.2676,1.191414,0.20610656,3.37945e-9,3.112214e-8
YNL274C,442.8643,1.058544,0.34850665,0.001204382,0.003486512
YNL290W,47.19108,1.107718,0.3053217,1.386105e-4,5.033858e-4
YNL292W,64.63331,1.009096,0.28098295,1.819862e-4,6.427273e-4
YNL294C,143.6393,1.004083,0.19629741,1.798838e-7,1.201056e-6
YNL299W,119.6616,1.510557,0.32120999,6.70537e-7,3.95648e-6
YNL308C,1166.819,1.529667,0.33627405,1.347954e-6,7.566437e-6
YNR012W,59.50638,1.372059,0.26016899,4.553493e-8,3.386026e-7
YNR017W,42.93704,1.033251,0.31114098,4.760526e-4,0.001530462
YNR022C,127.2211,1.020852,0.14961508,5.076622e-12,8.320675e-11
YNR024W,156.8513,1.027588,0.21304978,7.848558e-7,4.596806e-6
YNR030W,494.8654,1.663562,0.19491068,2.974424e-18,1.849683e-16
YNR038W,92.57535,1.904634,0.2804449,1.38673e-12,2.571939e-11
YNR046W,12.63912,1.138646,0.56686741,0.01698692,0.03562535
YNR051C,667.102,1.580448,0.2201284,1.707919e-13,3.748557e-12
YNR053C,407.3922,1.153908,0.30633327,7.551616e-5,2.913619e-4
YNR054C,190.6054,1.95949,0.29766213,5.051577e-12,8.301076e-11
YNR065C,156.4812,1.24377,0.27733979,2.990685e-6,1.580826e-5
YOL006C,580.757,1.474891,0.23131525,5.306107e-11,7.097103e-10
YOL010W,56.52088,1.179289,0.3278301,1.40299e-4,5.082335e-4
YOL019W,134.5237,1.25936,0.32123316,3.456531e-5,1.456796e-4
YOL022C,174.0212,1.501323,0.20781298,1.420579e-13,3.195295e-12
YOL029C,59.94559,1.564295,0.3640996,3.993223e-6,2.047616e-5
YOL034W,294.7972,1.519154,0.1937152,1.218751e-15,4.133976e-14
YOL036W,122.9565,1.271693,0.2024987,1.375692e-10,1.624956e-9
YOL038W,588.7357,1.040051,0.23761074,6.529319e-6,3.222994e-5
YOL039W,554.432,1.546958,0.34487532,1.751356e-6,9.668279e-6
YOL040C,300.0386,2.131694,0.53720548,3.907997e-6,2.013682e-5
YOL041C,381.0848,1.997016,0.25835518,1.118858e-15,3.878095e-14
YOL052C-A,22.56686,1.914671,0.73172802,5.566003e-4,0.00175735
YOL066C,29.86472,1.35693,0.37517955,9.697085e-5,3.6547e-4
YOL070C,100.6912,1.445117,0.20726965,9.681409e-13,1.83311e-11
YOL071W,101.2915,1.041948,0.28710808,1.509779e-4,5.413528e-4
YOL077C,102.2571,1.820688,0.31485356,1.067897e-9,1.075185e-8
YOL091W,21.99823,1.422599,0.35685787,1.985082e-5,8.805156e-5
YOL093W,84.20144,1.538518,0.29742033,5.821101e-8,4.234317e-7
YOL112W,133.2995,1.172191,0.19610707,1.060282e-9,1.070919e-8
YOL125W,83.62898,1.359927,0.27770449,3.347424e-7,2.114812e-6
YOL139C,20.99251,1.295033,0.42614236,8.173811e-4,0.002473592
YOL144W,216.5804,1.802837,0.28248639,2.6949e-11,3.867365e-10
YOL145C,609.7811,1.151108,0.18297538,1.521395e-10,1.790392e-9
YOR003W,65.94724,1.196258,0.2995303,2.814512e-5,1.206247e-4
YOR004W,235.5059,1.846697,0.29762693,7.637892e-11,9.650827e-10
YOR017W,262.3292,1.543211,0.15521975,7.307932e-24,1.0300939999999999e-21
YOR020C,385.8711,2.163178,0.404429,5.382827e-9,4.808912e-8
YOR027W,801.4677,1.725574,0.21746109,3.926141e-16,1.527823e-14
YOR048C,266.1733,1.235219,0.23180843,4.187495e-8,3.145219e-7
YOR056C,394.3023,1.678745,0.22705725,2.906485e-14,7.713738e-13
YOR064C,103.0632,1.162947,0.23615343,3.941696e-7,2.463268e-6
YOR073W,126.5173,1.83121,0.29016985,4.017222e-11,5.468078e-10
YOR078W,162.2291,2.098162,0.27632341,2.5403e-15,7.89859e-14
YOR091W,317.0695,2.402014,0.28302176,7.872074999999999e-19,5.610401000000001e-17
YOR094W,65.82189,1.079471,0.22430757,7.760546e-7,4.553667e-6
YOR104W,223.3668,1.356985,0.22270995,3.930107e-10,4.350553e-9
YOR119C,323.4786,1.671822,0.30497558,8.277158e-9,7.162621e-8
YOR127W,393.9237,2.119137,0.16983794,8.237656e-37,8.708575e-34
YOR132W,188.6561,1.018119,0.22438034,3.185683e-6,1.672747e-5
YOR145C,134.0263,1.499838,0.24959398,5.176866e-10,5.62275e-9
YOR168W,529.6406,1.13046,0.16304531,2.047256e-12,3.657957e-11
YOR177C,61.57601,1.23301,0.31478412,3.655019e-5,1.530283e-4
YOR182C,358.5333,1.295207,0.54250349,0.00521075,0.01259596
YOR188W,137.108,1.595121,0.21254611,1.469163e-14,4.123407e-13
YOR195W,432.1176,1.297027,0.24797591,6.497625e-8,4.688787e-7
YOR198C,1022.679,1.298536,0.17739711,9.778636e-14,2.305795e-12
YOR206W,1086.243,1.622935,0.29751348,1.061098e-8,9.010102e-8
YOR210W,42.58242,1.109304,0.2859124,5.10998e-5,2.05273e-4
YOR216C,206.763,1.061116,0.21326012,3.47337e-7,2.187844e-6
YOR217W,210.2266,1.139226,0.24442504,1.509118e-6,8.404159e-6
YOR236W,18.47055,1.06225,0.40512231,0.0042442,0.01053246
YOR239W,530.168,1.41001,0.19536855,1.751212e-13,3.830324e-12
YOR242C,31.56092,2.679159,0.38933925,7.904644e-14,1.89921e-12
YOR244W,186.1979,1.041925,0.24753598,1.383268e-5,6.370521e-5
YOR245C,205.2578,1.001329,0.19345753,1.30589e-7,8.945208e-7
YOR247W,27.22156,1.326022,0.53598183,0.003930344,0.009853824
YOR260W,98.24432,1.129861,0.2255657,2.673285e-7,1.717998e-6
YOR262W,237.2231,1.315639,0.23928605,1.439697e-8,1.195288e-7
YOR265W,202.644,1.228007,0.22195149,1.352711e-8,1.12898e-7
YOR272W,108.3538,1.38215,0.28856589,5.515033e-7,3.322113e-6
YOR281C,41.28344,1.219884,0.32142034,6.102143e-5,2.416098e-4
YOR283W,28.41076,1.14253,0.38542381,0.001343064,0.003849551
YOR290C,802.8934,1.391083,0.16919151,6.871489e-17,3.069426e-15
YOR294W,87.55612,1.506814,0.32446145,8.962061e-7,5.181983e-6
YOR298W,30.25922,1.147133,0.31610096,1.30459e-4,4.76397e-4
YOR303W,97.24115,1.147257,0.27979884,1.926522e-5,8.587441e-5
YOR304W,419.7288,1.041799,0.15417844,7.828299e-12,1.238277e-10
YOR305W,196.082,1.133502,0.22766861,3.110213e-7,1.980731e-6
YOR306C,157.9275,1.434963,0.27120853,3.722868e-8,2.828042e-7
YOR308C,382.8926,1.222806,0.22570154,2.604256e-8,2.052024e-7
YOR310C,1635.206,2.081396,0.31783582,4.737903e-12,7.84661e-11
YOR323C,57.26948,1.342022,0.37774732,1.266726e-4,4.641735e-4
YOR326W,792.4199,1.607413,0.18950767,5.219353e-18,2.982555e-16
YOR337W,55.29758,1.403059,0.33255244,7.625612e-6,3.692309e-5
YOR340C,114.5663,1.396876,0.29302102,6.010968e-7,3.580054e-6
YOR341W,339.5641,1.324386,0.24677519,2.95802e-8,2.305003e-7
YOR346W,75.03091,1.281274,0.25661717,2.329526e-7,1.52489e-6
YOR355W,237.3961,2.185479,0.26125039,4.003223e-18,2.351152e-16
YOR362C,159.097,1.076182,0.18411255,2.679092e-9,2.517553e-8
YPL009C,1106.374,1.555793,0.16730032,3.683639e-21,3.89422e-19
YPL012W,316.9644,1.778394,0.27871694,2.86425e-11,4.064415e-10
YPL037C,373.2525,1.483779,0.46135677,3.161405e-4,0.001050434
YPL043W,490.1754,1.675417,0.29077292,1.639259e-9,1.594758e-8
YPL071C,18.22616,1.052499,0.39081452,0.003511752,0.008927872
YPL072W,90.46623,1.017345,0.26850905,8.334972e-5,3.177207e-4
YPL082C,528.4628,1.638073,0.18836309,7.646202999999999e-19,5.574697000000001e-17
YPL085W,1158.961,1.374322,0.17649517,2.416717e-15,7.551349e-14
YPL086C,39.41487,1.206383,0.32196222,7.545882e-5,2.913179e-4
YPL093W,315.2796,2.161879,0.3464139,2.844273e-11,4.045118e-10
YPL104W,51.8532,1.214393,0.252719,6.67094e-7,3.93983e-6
YPL105C,1516.641,1.158185,0.18211533,9.671816e-11,1.185435e-9
YPL106C,2420.963,1.493386,0.17292923,1.690384e-18,1.105372e-16
YPL110C,227.3663,1.330994,0.16649873,4.922192e-16,1.89221e-14
YPL127C,155.821,1.488406,0.25694956,1.953881e-9,1.866486e-8
YPL131W,399.5623,1.809436,0.44877644,7.221568e-6,3.526282e-5
YPL141C,88.06391,1.628259,0.21206841,3.634374e-15,1.097754e-13
YPL143W,273.0139,1.663012,0.41311597,1.039201e-5,4.922817e-5
YPL145C,488.8969,1.676163,0.2225725,1.031606e-14,2.974307e-13
YPL146C,574.3175,1.194577,0.26059207,2.015936e-6,1.104238e-5
YPL159C,223.7215,1.010969,0.26362212,6.982493e-5,2.722185e-4
YPL176C,141.3888,1.129437,0.18182728,2.602865e-10,2.948209e-9
YPL212C,345.6242,1.587915,0.29249034,1.314114e-8,1.101113e-7
YPL217C,698.4601,1.695344,0.25413548,4.929588e-12,8.142807e-11
YPL226W,246.2728,1.316344,0.25394495,8.103375e-8,5.775248e-7
YPL232W,96.09356,1.0379,0.22456211,2.079693e-6,1.13329e-5
YPL235W,184.0785,1.130123,0.19835989,6.002116e-9,5.282612e-8
YPL237W,2262.054,1.893505,0.21598019,2.442731e-19,1.9864410000000002e-17
YPL240C,11196.14,1.251387,0.28127579,3.487911e-6,1.816406e-5
YPL242C,229.2649,1.273462,0.15523111,9.598176000000001e-17,4.169947e-15
YPL249C,208.9607,1.027086,0.18697544,2.212996e-8,1.772352e-7
YPL249C-A,241.5841,1.802442,0.53714655,9.325738e-5,3.525218e-4
YPL256C,203.1972,2.82397,0.30348205,1.16718e-22,1.542379e-20
YPL267W,39.96243,1.106659,0.50591285,0.0121672,0.02665857
YPR018W,198.7262,2.042639,0.33256173,7.171747e-11,9.152996e-10
YPR057W,114.5543,1.072488,0.20395814,7.683385e-8,5.498056e-7
YPR075C,45.55941,1.534107,0.31547829,2.911411e-7,1.865361e-6
YPR078C,11.98619,1.180232,0.50006239,0.00700685,0.01636996
YPR080W,2247.108,1.57793,0.50003728,3.136679e-4,0.001043312
YPR102C,482.0478,1.090985,0.33241795,5.039469e-4,0.001608724
YPR104C,356.82,1.040954,0.22658362,2.366455e-6,1.276867e-5
YPR112C,645.6079,1.934209,0.40667815,2.059885e-7,1.353974e-6
YPR125W,233.5241,1.044078,0.21337896,5.411124e-7,3.27195e-6
YPR129W,235.3308,1.649374,0.19832385,1.970202e-17,9.997594e-16
YPR141C,122.1203,1.517809,0.25038295,3.616692e-10,4.024681e-9
YPR143W,658.3812,1.188373,0.22284533,4.382415e-8,3.270313e-7
YPR158C-D,49.64947,1.345253,1.32142298,0.008227211,0.01888715
YPR161C,126.9811,1.016757,0.19539388,1.105627e-7,7.664472e-7
YPR163C,490.0852,1.992244,0.26884283,1.310871e-14,3.74543e-13
YPR169W,347.9052,1.234442,0.22761198,2.480634e-8,1.974236e-7
YPR173C,357.3971,1.278833,0.17634841,1.669679e-13,3.700886e-12
YPR174C,33.99044,1.072209,0.40689994,0.004028582,0.01007622
YPR187W,74.92779,1.103525,0.31430685,2.16864e-4,7.516766e-4
